Created,Modified,MDate,MTime,CDate,CTime,Day,Week_Day,MTime_Cat,LTime
11/10/2021 11:38,12/2/2021 12:11,12/2/2021,12.18333333,11/10/2021,11:38:37,Thursday,Week Day,Afternoon,528.5561111
12/2/2021 12:12,12/2/2021 13:18,12/2/2021,13.3,12/2/2021,12:12:00,Thursday,Week Day,Afternoon,1.104444444
12/2/2021 13:18,12/2/2021 14:11,12/2/2021,14.18333333,12/2/2021,13:18:16,Thursday,Week Day,Afternoon,0.884444444
12/2/2021 14:11,12/2/2021 14:48,12/2/2021,14.8,12/2/2021,14:11:20,Thursday,Week Day,Afternoon,0.626388889
12/2/2021 14:48,12/2/2021 18:27,12/2/2021,18.45,12/2/2021,14:48:55,Thursday,Week Day,Night,3.647222222
12/2/2021 18:27,12/3/2021 7:45,12/3/2021,7.75,12/2/2021,18:27:45,Friday,Week Day,Morning,13.29194444
12/3/2021 7:45,12/3/2021 8:33,12/3/2021,8.55,12/3/2021,7:45:16,Friday,Week Day,Morning,0.81
12/3/2021 8:33,12/3/2021 11:10,12/3/2021,11.16666667,12/3/2021,8:33:52,Friday,Week Day,Night,2.608055556
12/3/2021 11:10,12/3/2021 13:46,12/3/2021,13.76666667,12/3/2021,11:10:21,Friday,Week Day,Afternoon,2.605555556
12/3/2021 13:46,12/3/2021 13:50,12/3/2021,13.83333333,12/3/2021,13:46:41,Friday,Week Day,Afternoon,0.066111111
12/3/2021 13:50,12/3/2021 13:54,12/3/2021,13.9,12/3/2021,13:50:39,Friday,Week Day,Afternoon,0.0625
12/3/2021 13:54,12/3/2021 13:58,12/3/2021,13.96666667,12/3/2021,13:54:24,Friday,Week Day,Afternoon,0.074722222
12/3/2021 13:58,12/3/2021 16:14,12/3/2021,16.23333333,12/3/2021,13:58:53,Friday,Week Day,Afternoon,2.261111111
12/3/2021 16:14,12/3/2021 21:30,12/3/2021,21.5,12/3/2021,16:14:33,Friday,Week Day,Evening,5.263055556
12/3/2021 21:30,12/3/2021 21:33,12/3/2021,21.55,12/3/2021,21:30:20,Friday,Week Day,Evening,0.056944444
12/3/2021 21:33,12/4/2021 9:08,12/4/2021,9.133333333,12/3/2021,21:33:45,Saturday,Weekend,Morning,11.57333333
12/4/2021 9:08,12/4/2021 11:58,12/4/2021,11.96666667,12/4/2021,9:08:09,Saturday,Weekend,Night,2.84
12/4/2021 11:58,12/4/2021 17:26,12/4/2021,17.43333333,12/4/2021,11:58:33,Saturday,Weekend,Afternoon,5.464166667
12/4/2021 17:26,12/4/2021 17:27,12/4/2021,17.45,12/4/2021,17:26:25,Saturday,Weekend,Afternoon,0.012777778
12/4/2021 17:27,12/4/2021 18:19,12/4/2021,18.31666667,12/4/2021,17:27:11,Saturday,Weekend,Night,0.879722222
12/4/2021 18:19,12/4/2021 21:30,12/4/2021,21.5,12/4/2021,18:19:58,Saturday,Weekend,Evening,3.175833333
12/4/2021 21:30,12/5/2021 6:39,12/5/2021,6.65,12/4/2021,21:30:31,Sunday,Weekend,Morning,9.154444444
12/5/2021 6:39,12/5/2021 12:05,12/5/2021,12.08333333,12/5/2021,6:39:47,Sunday,Weekend,Afternoon,5.423611111
12/5/2021 12:05,12/5/2021 12:35,12/5/2021,12.58333333,12/5/2021,12:05:12,Sunday,Weekend,Afternoon,0.504722222
12/5/2021 12:35,12/5/2021 22:43,12/5/2021,22.71666667,12/5/2021,12:35:29,Sunday,Weekend,Evening,10.13
12/5/2021 22:43,12/5/2021 22:48,12/5/2021,22.8,12/5/2021,22:43:17,Sunday,Weekend,Evening,0.09
12/5/2021 22:48,12/6/2021 8:32,12/6/2021,8.533333333,12/5/2021,22:48:41,Monday,Week Day,Morning,9.724444444
12/6/2021 8:32,12/6/2021 11:24,12/6/2021,11.4,12/6/2021,8:32:09,Monday,Week Day,Night,2.874444444
12/6/2021 11:24,12/6/2021 11:25,12/6/2021,11.41666667,12/6/2021,11:24:38,Monday,Week Day,Night,0.011388889
12/6/2021 11:25,12/6/2021 12:34,12/6/2021,12.56666667,12/6/2021,11:25:19,Monday,Week Day,Afternoon,1.156111111
12/6/2021 12:34,12/6/2021 12:34,12/6/2021,12.56666667,12/6/2021,12:34:41,Monday,Week Day,Afternoon,0.005
12/6/2021 12:34,12/6/2021 14:03,12/6/2021,14.05,12/6/2021,12:34:59,Monday,Week Day,Afternoon,1.478611111
12/6/2021 14:03,12/6/2021 16:29,12/6/2021,16.48333333,12/6/2021,14:03:42,Monday,Week Day,Afternoon,2.430555556
12/6/2021 16:29,12/6/2021 16:29,12/6/2021,16.48333333,12/6/2021,16:29:33,Monday,Week Day,Afternoon,0.006666667
12/6/2021 16:29,12/6/2021 17:05,12/6/2021,17.08333333,12/6/2021,16:29:57,Monday,Week Day,Afternoon,0.585
12/6/2021 17:05,12/6/2021 17:05,12/6/2021,17.08333333,12/6/2021,17:05:04,Monday,Week Day,Afternoon,0.003611111
12/6/2021 17:05,12/6/2021 21:08,12/6/2021,21.13333333,12/6/2021,17:05:17,Monday,Week Day,Evening,4.045555556
12/6/2021 21:08,12/6/2021 21:08,12/6/2021,21.13333333,12/6/2021,21:08:01,Monday,Week Day,Evening,0.011666667
12/6/2021 21:08,12/7/2021 0:02,12/7/2021,0.033333333,12/6/2021,21:08:43,Tuesday,Week Day,Night,2.898888889
12/7/2021 0:02,12/7/2021 8:09,12/7/2021,8.15,12/7/2021,0:02:39,Tuesday,Week Day,Morning,8.106666667
12/7/2021 8:09,12/7/2021 8:10,12/7/2021,8.166666667,12/7/2021,8:09:03,Tuesday,Week Day,Morning,0.026388889
12/7/2021 8:10,12/7/2021 9:30,12/7/2021,9.5,12/7/2021,8:10:38,Tuesday,Week Day,Morning,1.335555556
12/7/2021 9:30,12/7/2021 11:29,12/7/2021,11.48333333,12/7/2021,9:30:47,Tuesday,Week Day,Night,1.974166667
12/7/2021 11:29,12/7/2021 13:59,12/7/2021,13.98333333,12/7/2021,11:29:14,Tuesday,Week Day,Afternoon,2.501111111
12/7/2021 13:59,12/7/2021 13:59,12/7/2021,13.98333333,12/7/2021,13:59:19,Tuesday,Week Day,Afternoon,0.005
12/7/2021 13:59,12/7/2021 15:44,12/7/2021,15.73333333,12/7/2021,13:59:37,Tuesday,Week Day,Afternoon,1.755
12/7/2021 15:44,12/8/2021 8:34,12/8/2021,8.566666667,12/7/2021,15:44:55,Wednesday,Week Day,Morning,16.82194444
12/8/2021 8:34,12/8/2021 10:47,12/8/2021,10.78333333,12/8/2021,8:34:14,Wednesday,Week Day,Morning,2.215555556
12/8/2021 10:47,12/8/2021 10:47,12/8/2021,10.78333333,12/8/2021,10:47:10,Wednesday,Week Day,Morning,0.005277778
12/8/2021 10:47,12/8/2021 14:18,12/8/2021,14.3,12/8/2021,10:47:29,Wednesday,Week Day,Afternoon,3.518611111
12/8/2021 14:18,12/8/2021 14:18,12/8/2021,14.3,12/8/2021,14:18:37,Wednesday,Week Day,Afternoon,0.005555556
12/8/2021 14:18,12/9/2021 8:13,12/9/2021,8.216666667,12/8/2021,14:18:57,Thursday,Week Day,Morning,17.90583333
12/9/2021 8:13,12/9/2021 10:28,12/9/2021,10.46666667,12/9/2021,8:13:18,Thursday,Week Day,Morning,2.256944444
12/9/2021 10:28,12/9/2021 10:29,12/9/2021,10.48333333,12/9/2021,10:28:44,Thursday,Week Day,Morning,0.006944444
12/9/2021 10:29,12/9/2021 12:25,12/9/2021,12.41666667,12/9/2021,10:29:09,Thursday,Week Day,Afternoon,1.935833333
12/9/2021 12:25,12/9/2021 13:41,12/9/2021,13.68333333,12/9/2021,12:25:18,Thursday,Week Day,Afternoon,1.268611111
12/9/2021 13:41,12/9/2021 16:06,12/9/2021,16.1,12/9/2021,13:41:25,Thursday,Week Day,Afternoon,2.425
12/9/2021 16:06,12/9/2021 16:07,12/9/2021,16.11666667,12/9/2021,16:06:55,Thursday,Week Day,Afternoon,0.005555556
12/9/2021 16:07,12/9/2021 18:37,12/9/2021,18.61666667,12/9/2021,16:07:16,Thursday,Week Day,Night,2.502222222
12/9/2021 18:37,12/9/2021 21:34,12/9/2021,21.56666667,12/9/2021,18:37:24,Thursday,Week Day,Evening,2.951666667
12/9/2021 21:34,12/10/2021 4:25,12/10/2021,4.416666667,12/9/2021,21:34:30,Friday,Week Day,Night,6.842777778
12/10/2021 4:25,12/10/2021 6:56,12/10/2021,6.933333333,12/10/2021,4:25:04,Friday,Week Day,Morning,2.520277778
12/10/2021 6:56,12/10/2021 7:06,12/10/2021,7.1,12/10/2021,6:56:17,Friday,Week Day,Morning,0.175
12/10/2021 7:06,12/10/2021 10:12,12/10/2021,10.2,12/10/2021,7:06:47,Friday,Week Day,Morning,3.103055556
12/10/2021 10:12,12/10/2021 10:13,12/10/2021,10.21666667,12/10/2021,10:12:58,Friday,Week Day,Morning,0.009444444
12/10/2021 10:13,12/10/2021 11:51,12/10/2021,11.85,12/10/2021,10:13:32,Friday,Week Day,Night,1.639444444
12/10/2021 11:51,12/10/2021 13:12,12/10/2021,13.2,12/10/2021,11:51:54,Friday,Week Day,Afternoon,1.345555556
12/10/2021 13:12,12/10/2021 15:21,12/10/2021,15.35,12/10/2021,13:12:38,Friday,Week Day,Afternoon,2.145277778
12/10/2021 15:21,12/10/2021 17:12,12/10/2021,17.2,12/10/2021,15:21:21,Friday,Week Day,Afternoon,1.860555556
12/10/2021 17:12,12/10/2021 22:55,12/10/2021,22.91666667,12/10/2021,17:12:59,Friday,Week Day,Evening,5.713611111
12/10/2021 22:55,12/11/2021 0:22,12/11/2021,0.366666667,12/10/2021,22:55:48,Saturday,Weekend,Night,1.448055556
12/11/2021 0:22,12/11/2021 2:47,12/11/2021,2.783333333,12/11/2021,0:22:41,Saturday,Weekend,Night,2.41
12/11/2021 2:47,12/11/2021 7:53,12/11/2021,7.883333333,12/11/2021,2:47:17,Saturday,Weekend,Morning,5.103055556
12/11/2021 7:53,12/11/2021 7:54,12/11/2021,7.9,12/11/2021,7:53:29,Saturday,Weekend,Morning,0.008888889
12/11/2021 7:54,12/11/2021 10:52,12/11/2021,10.86666667,12/11/2021,7:54:01,Saturday,Weekend,Morning,2.981666667
12/11/2021 10:52,12/11/2021 14:26,12/11/2021,14.43333333,12/11/2021,10:52:55,Saturday,Weekend,Afternoon,3.558055556
12/11/2021 14:26,12/11/2021 21:34,12/11/2021,21.56666667,12/11/2021,14:26:24,Saturday,Weekend,Evening,7.129722222
12/11/2021 21:34,12/12/2021 0:08,12/12/2021,0.133333333,12/11/2021,21:34:11,Sunday,Weekend,Night,2.569722222
12/12/2021 0:08,12/12/2021 1:41,12/12/2021,1.683333333,12/12/2021,0:08:22,Sunday,Weekend,Night,1.5475
12/12/2021 1:41,12/12/2021 8:33,12/12/2021,8.55,12/12/2021,1:41:14,Sunday,Weekend,Morning,6.865833333
12/12/2021 8:33,12/12/2021 13:26,12/12/2021,13.43333333,12/12/2021,8:33:11,Sunday,Weekend,Afternoon,4.890277778
12/12/2021 13:26,12/12/2021 15:43,12/12/2021,15.71666667,12/12/2021,13:26:37,Sunday,Weekend,Afternoon,2.278333333
12/12/2021 15:43,12/13/2021 8:33,12/13/2021,8.55,12/12/2021,15:43:19,Monday,Week Day,Morning,16.83333333
12/13/2021 8:33,12/13/2021 11:49,12/13/2021,11.81666667,12/13/2021,8:33:19,Monday,Week Day,Night,3.262222222
12/13/2021 11:49,12/13/2021 14:54,12/13/2021,14.9,12/13/2021,11:49:03,Monday,Week Day,Afternoon,3.091388889
12/13/2021 14:54,12/13/2021 19:25,12/13/2021,19.41666667,12/13/2021,14:54:33,Monday,Week Day,Evening,4.5125
12/13/2021 19:25,12/13/2021 22:54,12/13/2021,22.9,12/13/2021,19:25:18,Monday,Week Day,Evening,3.491666667
12/13/2021 22:54,12/14/2021 0:57,12/14/2021,0.95,12/13/2021,22:54:48,Tuesday,Week Day,Night,2.036666667
12/14/2021 0:57,12/14/2021 2:52,12/14/2021,2.866666667,12/14/2021,0:57:00,Tuesday,Week Day,Night,1.918611111
12/14/2021 2:52,12/14/2021 6:56,12/14/2021,6.933333333,12/14/2021,2:52:08,Tuesday,Week Day,Morning,4.068611111
12/14/2021 6:56,12/14/2021 6:58,12/14/2021,6.966666667,12/14/2021,6:56:15,Tuesday,Week Day,Morning,0.041388889
12/14/2021 6:58,12/14/2021 8:24,12/14/2021,8.4,12/14/2021,6:58:44,Tuesday,Week Day,Morning,1.430833333
12/14/2021 8:24,12/14/2021 10:20,12/14/2021,10.33333333,12/14/2021,8:24:35,Tuesday,Week Day,Morning,1.937222222
12/14/2021 10:20,12/14/2021 12:47,12/14/2021,12.78333333,12/14/2021,10:20:49,Tuesday,Week Day,Afternoon,2.448611111
12/14/2021 12:47,12/14/2021 15:01,12/14/2021,15.01666667,12/14/2021,12:47:44,Tuesday,Week Day,Afternoon,2.235833333
12/14/2021 15:01,12/14/2021 18:48,12/14/2021,18.8,12/14/2021,15:01:53,Tuesday,Week Day,Night,3.778055556
12/14/2021 18:48,12/14/2021 21:58,12/14/2021,21.96666667,12/14/2021,18:48:34,Tuesday,Week Day,Evening,3.158888889
12/14/2021 21:58,12/14/2021 23:03,12/14/2021,23.05,12/14/2021,21:58:06,Tuesday,Week Day,Night,1.093611111
12/14/2021 23:03,12/15/2021 0:56,12/15/2021,0.933333333,12/14/2021,23:03:43,Wednesday,Week Day,Night,1.887222222
12/15/2021 0:56,12/15/2021 3:59,12/15/2021,3.983333333,12/15/2021,0:56:57,Wednesday,Week Day,Night,3.047222222
12/15/2021 3:59,12/15/2021 5:45,12/15/2021,5.75,12/15/2021,3:59:47,Wednesday,Week Day,Night,1.766666667
12/15/2021 5:45,12/15/2021 6:41,12/15/2021,6.683333333,12/15/2021,5:45:47,Wednesday,Week Day,Morning,0.933333333
12/15/2021 6:41,12/15/2021 11:28,12/15/2021,11.46666667,12/15/2021,6:41:47,Wednesday,Week Day,Night,4.775
12/15/2021 11:28,12/15/2021 13:24,12/15/2021,13.4,12/15/2021,11:28:17,Wednesday,Week Day,Afternoon,1.941111111
12/15/2021 13:24,12/15/2021 18:58,12/15/2021,18.96666667,12/15/2021,13:24:45,Wednesday,Week Day,Night,5.566666667
12/15/2021 18:58,12/15/2021 21:00,12/15/2021,21,12/15/2021,18:58:46,Wednesday,Week Day,Evening,2.033888889
12/15/2021 21:00,12/15/2021 22:57,12/15/2021,22.95,12/15/2021,21:00:48,Wednesday,Week Day,Evening,1.943888889
12/15/2021 22:57,12/15/2021 22:59,12/15/2021,22.98333333,12/15/2021,22:57:26,Wednesday,Week Day,Evening,0.031388889
12/15/2021 22:59,12/16/2021 1:12,12/16/2021,1.2,12/15/2021,22:59:19,Thursday,Week Day,Night,2.220277778
12/16/2021 1:12,12/16/2021 5:08,12/16/2021,5.133333333,12/16/2021,1:12:32,Thursday,Week Day,Night,3.933611111
12/16/2021 5:08,12/16/2021 10:38,12/16/2021,10.63333333,12/16/2021,5:08:34,Thursday,Week Day,Morning,5.500833333
12/16/2021 10:38,12/16/2021 13:52,12/16/2021,13.86666667,12/16/2021,10:38:38,Thursday,Week Day,Afternoon,3.224722222
12/16/2021 13:52,12/16/2021 16:29,12/16/2021,16.48333333,12/16/2021,13:52:08,Thursday,Week Day,Afternoon,2.615555556
12/16/2021 16:29,12/16/2021 23:12,12/16/2021,23.2,12/16/2021,16:29:05,Thursday,Week Day,Night,6.716944444
12/16/2021 23:12,12/17/2021 2:39,12/17/2021,2.65,12/16/2021,23:12:06,Friday,Week Day,Night,3.454166667
12/17/2021 2:39,12/17/2021 6:28,12/17/2021,6.466666667,12/17/2021,2:39:21,Friday,Week Day,Morning,3.820555556
12/17/2021 6:28,12/17/2021 9:01,12/17/2021,9.016666667,12/17/2021,6:28:35,Friday,Week Day,Morning,2.552222222
12/17/2021 9:01,12/17/2021 11:32,12/17/2021,11.53333333,12/17/2021,9:01:43,Friday,Week Day,Night,2.516666667
12/17/2021 11:32,12/17/2021 14:45,12/17/2021,14.75,12/17/2021,11:32:44,Friday,Week Day,Afternoon,3.218055556
12/17/2021 14:45,12/17/2021 15:55,12/17/2021,15.91666667,12/17/2021,14:45:49,Friday,Week Day,Afternoon,1.160277778
12/17/2021 15:55,12/17/2021 16:02,12/17/2021,16.03333333,12/17/2021,15:55:26,Friday,Week Day,Afternoon,0.125555556
12/17/2021 16:02,12/17/2021 22:09,12/17/2021,22.15,12/17/2021,16:02:58,Friday,Week Day,Evening,6.105833333
12/17/2021 22:09,12/18/2021 1:37,12/18/2021,1.616666667,12/17/2021,22:09:19,Saturday,Weekend,Night,3.468611111
12/18/2021 1:37,12/18/2021 8:29,12/18/2021,8.483333333,12/18/2021,1:37:26,Saturday,Weekend,Morning,6.865
12/18/2021 8:29,12/18/2021 16:17,12/18/2021,16.28333333,12/18/2021,8:29:20,Saturday,Weekend,Afternoon,7.809444444
12/18/2021 16:17,12/18/2021 19:40,12/18/2021,19.66666667,12/18/2021,16:17:54,Saturday,Weekend,Evening,3.371666667
12/18/2021 19:40,12/18/2021 21:30,12/18/2021,21.5,12/18/2021,19:40:13,Saturday,Weekend,Evening,1.831666667
12/18/2021 21:30,12/19/2021 11:04,12/19/2021,11.06666667,12/18/2021,21:30:07,Sunday,Weekend,Night,13.57083333
12/19/2021 11:04,12/19/2021 13:37,12/19/2021,13.61666667,12/19/2021,11:04:22,Sunday,Weekend,Afternoon,2.556944444
12/19/2021 13:37,12/19/2021 16:35,12/19/2021,16.58333333,12/19/2021,13:37:47,Sunday,Weekend,Afternoon,2.960833333
12/19/2021 16:35,12/19/2021 18:27,12/19/2021,18.45,12/19/2021,16:35:26,Sunday,Weekend,Night,1.873611111
12/19/2021 18:27,12/20/2021 0:05,12/20/2021,0.083333333,12/19/2021,18:27:51,Monday,Week Day,Night,5.630277778
12/20/2021 0:05,12/20/2021 4:07,12/20/2021,4.116666667,12/20/2021,0:05:40,Monday,Week Day,Night,4.0275
12/20/2021 4:07,12/20/2021 6:51,12/20/2021,6.85,12/20/2021,4:07:19,Monday,Week Day,Morning,2.740555556
12/20/2021 6:51,12/20/2021 9:09,12/20/2021,9.15,12/20/2021,6:51:45,Monday,Week Day,Morning,2.300555556
12/20/2021 9:09,12/20/2021 11:21,12/20/2021,11.35,12/20/2021,9:09:47,Monday,Week Day,Night,2.194722222
12/20/2021 11:21,12/20/2021 12:39,12/20/2021,12.65,12/20/2021,11:21:28,Monday,Week Day,Afternoon,1.307777778
12/20/2021 12:39,12/20/2021 14:26,12/20/2021,14.43333333,12/20/2021,12:39:56,Monday,Week Day,Afternoon,1.770277778
12/20/2021 14:26,12/20/2021 19:23,12/20/2021,19.38333333,12/20/2021,14:26:09,Monday,Week Day,Evening,4.949444444
12/20/2021 19:23,12/20/2021 22:00,12/20/2021,22,12/20/2021,19:23:07,Monday,Week Day,Evening,2.618333333
12/20/2021 22:00,12/21/2021 0:53,12/21/2021,0.883333333,12/20/2021,22:00:13,Tuesday,Week Day,Night,2.880277778
12/21/2021 0:53,12/21/2021 2:44,12/21/2021,2.733333333,12/21/2021,0:53:03,Tuesday,Week Day,Night,1.855277778
12/21/2021 2:44,12/21/2021 7:47,12/21/2021,7.783333333,12/21/2021,2:44:23,Tuesday,Week Day,Morning,5.055555556
12/21/2021 7:47,12/21/2021 10:10,12/21/2021,10.16666667,12/21/2021,7:47:43,Tuesday,Week Day,Morning,2.382777778
12/21/2021 10:10,12/21/2021 12:09,12/21/2021,12.15,12/21/2021,10:10:41,Tuesday,Week Day,Afternoon,1.985833333
12/21/2021 12:09,12/21/2021 14:48,12/21/2021,14.8,12/21/2021,12:09:50,Tuesday,Week Day,Afternoon,2.648333333
12/21/2021 14:48,12/21/2021 18:15,12/21/2021,18.25,12/21/2021,14:48:44,Tuesday,Week Day,Night,3.453333333
12/21/2021 18:15,12/21/2021 20:55,12/21/2021,20.91666667,12/21/2021,18:15:56,Tuesday,Week Day,Evening,2.666666667
12/21/2021 20:55,12/21/2021 22:53,12/21/2021,22.88333333,12/21/2021,20:55:56,Tuesday,Week Day,Evening,1.964722222
12/21/2021 22:53,12/22/2021 0:46,12/22/2021,0.766666667,12/21/2021,22:53:49,Wednesday,Week Day,Night,1.871111111
12/22/2021 0:46,12/22/2021 3:54,12/22/2021,3.9,12/22/2021,0:46:06,Wednesday,Week Day,Night,3.133611111
12/22/2021 3:54,12/22/2021 6:59,12/22/2021,6.983333333,12/22/2021,3:54:07,Wednesday,Week Day,Morning,3.095
12/22/2021 6:59,12/22/2021 8:59,12/22/2021,8.983333333,12/22/2021,6:59:49,Wednesday,Week Day,Morning,1.991388889
12/22/2021 8:59,12/22/2021 12:19,12/22/2021,12.31666667,12/22/2021,8:59:18,Wednesday,Week Day,Afternoon,3.341666667
12/22/2021 12:19,12/22/2021 14:35,12/22/2021,14.58333333,12/22/2021,12:19:48,Wednesday,Week Day,Afternoon,2.266388889
12/22/2021 14:35,12/22/2021 16:37,12/22/2021,16.61666667,12/22/2021,14:35:47,Wednesday,Week Day,Afternoon,2.025277778
12/22/2021 16:37,12/22/2021 20:17,12/22/2021,20.28333333,12/22/2021,16:37:18,Wednesday,Week Day,Evening,3.672222222
12/22/2021 20:17,12/22/2021 23:20,12/22/2021,23.33333333,12/22/2021,20:17:38,Wednesday,Week Day,Night,3.052777778
12/22/2021 23:20,12/23/2021 0:30,12/23/2021,0.5,12/22/2021,23:20:48,Thursday,Week Day,Night,1.161944444
12/23/2021 0:30,12/23/2021 0:59,12/23/2021,0.983333333,12/23/2021,0:30:31,Thursday,Week Day,Night,0.483333333
12/23/2021 0:59,12/23/2021 1:42,12/23/2021,1.7,12/23/2021,0:59:31,Thursday,Week Day,Night,0.721388889
12/23/2021 1:42,12/23/2021 8:27,12/23/2021,8.45,12/23/2021,1:42:48,Thursday,Week Day,Morning,6.745555556
12/23/2021 8:27,12/23/2021 12:00,12/23/2021,12,12/23/2021,8:27:32,Thursday,Week Day,Afternoon,3.552222222
12/23/2021 12:00,12/23/2021 13:46,12/23/2021,13.76666667,12/23/2021,12:00:40,Thursday,Week Day,Afternoon,1.769166667
12/23/2021 13:46,12/23/2021 17:37,12/23/2021,17.61666667,12/23/2021,13:46:49,Thursday,Week Day,Afternoon,3.850833333
12/23/2021 17:37,12/23/2021 19:36,12/23/2021,19.6,12/23/2021,17:37:52,Thursday,Week Day,Evening,1.974166667
12/23/2021 19:36,12/23/2021 19:37,12/23/2021,19.61666667,12/23/2021,19:36:19,Thursday,Week Day,Evening,0.023888889
12/23/2021 19:37,12/23/2021 22:41,12/23/2021,22.68333333,12/23/2021,19:37:45,Thursday,Week Day,Evening,3.061388889
12/23/2021 22:41,12/24/2021 6:39,12/24/2021,6.65,12/23/2021,22:41:26,Friday,Week Day,Morning,7.964166667
12/24/2021 6:39,12/24/2021 7:35,12/24/2021,7.583333333,12/24/2021,6:39:17,Friday,Week Day,Morning,0.942222222
12/24/2021 7:35,12/24/2021 10:32,12/24/2021,10.53333333,12/24/2021,7:35:49,Friday,Week Day,Morning,2.937777778
12/24/2021 10:32,12/24/2021 12:19,12/24/2021,12.31666667,12/24/2021,10:32:05,Friday,Week Day,Afternoon,1.793611111
12/24/2021 12:19,12/24/2021 20:12,12/24/2021,20.2,12/24/2021,12:19:42,Friday,Week Day,Evening,7.878055556
12/24/2021 20:12,12/24/2021 23:12,12/24/2021,23.2,12/24/2021,20:12:23,Friday,Week Day,Night,3.008333333
12/24/2021 23:12,12/25/2021 2:42,12/25/2021,2.7,12/24/2021,23:12:53,Saturday,Weekend,Night,3.492777778
12/25/2021 2:42,12/25/2021 5:45,12/25/2021,5.75,12/25/2021,2:42:27,Saturday,Weekend,Night,3.045
12/25/2021 5:45,12/25/2021 7:34,12/25/2021,7.566666667,12/25/2021,5:45:09,Saturday,Weekend,Morning,1.820277778
12/25/2021 7:34,12/25/2021 8:25,12/25/2021,8.416666667,12/25/2021,7:34:22,Saturday,Weekend,Morning,0.851944444
12/25/2021 8:25,12/25/2021 11:32,12/25/2021,11.53333333,12/25/2021,8:25:30,Saturday,Weekend,Night,3.120833333
12/25/2021 11:32,12/25/2021 14:01,12/25/2021,14.01666667,12/25/2021,11:32:45,Saturday,Weekend,Afternoon,2.475277778
12/25/2021 14:01,12/25/2021 15:15,12/25/2021,15.25,12/25/2021,14:01:16,Saturday,Weekend,Afternoon,1.238888889
12/25/2021 15:15,12/25/2021 15:16,12/25/2021,15.26666667,12/25/2021,15:15:36,Saturday,Weekend,Afternoon,0.008333333
12/25/2021 15:16,12/25/2021 16:44,12/25/2021,16.73333333,12/25/2021,15:16:06,Saturday,Weekend,Afternoon,1.481388889
12/25/2021 16:44,12/25/2021 21:28,12/25/2021,21.46666667,12/25/2021,16:44:59,Saturday,Weekend,Evening,4.720555556
12/25/2021 21:28,12/26/2021 1:08,12/26/2021,1.133333333,12/25/2021,21:28:13,Sunday,Weekend,Night,3.666944444
12/26/2021 1:08,12/26/2021 7:08,12/26/2021,7.133333333,12/26/2021,1:08:15,Sunday,Weekend,Morning,6.008333333
12/26/2021 7:08,12/26/2021 9:28,12/26/2021,9.466666667,12/26/2021,7:08:45,Sunday,Weekend,Morning,2.333611111
12/26/2021 9:28,12/26/2021 11:35,12/26/2021,11.58333333,12/26/2021,9:28:46,Sunday,Weekend,Night,2.113888889
12/26/2021 11:35,12/26/2021 16:49,12/26/2021,16.81666667,12/26/2021,11:35:36,Sunday,Weekend,Afternoon,5.224444444
12/26/2021 16:49,12/26/2021 18:46,12/26/2021,18.76666667,12/26/2021,16:49:04,Sunday,Weekend,Night,1.9625
12/26/2021 18:46,12/26/2021 18:47,12/26/2021,18.78333333,12/26/2021,18:46:50,Sunday,Weekend,Night,0.008333333
12/26/2021 18:47,12/26/2021 20:09,12/26/2021,20.15,12/26/2021,18:47:21,Sunday,Weekend,Evening,1.367222222
12/26/2021 20:09,12/26/2021 23:08,12/26/2021,23.13333333,12/26/2021,20:09:23,Sunday,Weekend,Night,2.982777778
12/26/2021 23:08,12/26/2021 23:09,12/26/2021,23.15,12/26/2021,23:08:21,Sunday,Weekend,Night,0.010833333
12/26/2021 23:09,12/27/2021 3:11,12/27/2021,3.183333333,12/26/2021,23:09:00,Monday,Week Day,Night,4.040833333
12/27/2021 3:11,12/27/2021 7:18,12/27/2021,7.3,12/27/2021,3:11:27,Monday,Week Day,Morning,4.116666667
12/27/2021 7:18,12/27/2021 8:55,12/27/2021,8.916666667,12/27/2021,7:18:28,Monday,Week Day,Morning,1.618611111
12/27/2021 8:55,12/27/2021 13:56,12/27/2021,13.93333333,12/27/2021,8:55:35,Monday,Week Day,Afternoon,5.012222222
12/27/2021 13:56,12/27/2021 16:47,12/27/2021,16.78333333,12/27/2021,13:56:19,Monday,Week Day,Afternoon,2.855277778
12/27/2021 16:47,12/27/2021 20:32,12/27/2021,20.53333333,12/27/2021,16:47:38,Monday,Week Day,Evening,3.751944444
12/27/2021 20:32,12/27/2021 22:00,12/27/2021,22,12/27/2021,20:32:45,Monday,Week Day,Evening,1.459722222
12/27/2021 22:00,12/27/2021 23:44,12/27/2021,23.73333333,12/27/2021,22:00:20,Monday,Week Day,Night,1.736111111
12/27/2021 23:44,12/28/2021 1:25,12/28/2021,1.416666667,12/27/2021,23:44:30,Tuesday,Week Day,Night,1.680277778
12/28/2021 1:25,12/28/2021 3:20,12/28/2021,3.333333333,12/28/2021,1:25:20,Tuesday,Week Day,Night,1.916666667
12/28/2021 3:20,12/28/2021 4:20,12/28/2021,4.333333333,12/28/2021,3:20:21,Tuesday,Week Day,Night,1.004166667
12/28/2021 4:20,12/28/2021 7:03,12/28/2021,7.05,12/28/2021,4:20:36,Tuesday,Week Day,Morning,2.718055556
12/28/2021 7:03,12/28/2021 9:02,12/28/2021,9.033333333,12/28/2021,7:03:41,Tuesday,Week Day,Morning,1.975833333
12/28/2021 9:02,12/28/2021 9:02,12/28/2021,9.033333333,12/28/2021,9:02:14,Tuesday,Week Day,Morning,0.006388889
12/28/2021 9:02,12/28/2021 13:33,12/28/2021,13.55,12/28/2021,9:02:37,Tuesday,Week Day,Afternoon,4.506666667
12/28/2021 13:33,12/28/2021 15:34,12/28/2021,15.56666667,12/28/2021,13:33:01,Tuesday,Week Day,Afternoon,2.020833333
12/28/2021 15:34,12/28/2021 21:22,12/28/2021,21.36666667,12/28/2021,15:34:16,Tuesday,Week Day,Evening,5.807222222
12/28/2021 21:22,12/29/2021 2:11,12/29/2021,2.183333333,12/28/2021,21:22:42,Wednesday,Week Day,Night,4.8125
12/29/2021 2:11,12/29/2021 6:47,12/29/2021,6.783333333,12/29/2021,2:11:27,Wednesday,Week Day,Morning,4.605555556
12/29/2021 6:47,12/29/2021 8:56,12/29/2021,8.933333333,12/29/2021,6:47:47,Wednesday,Week Day,Morning,2.144166667
12/29/2021 8:56,12/29/2021 12:53,12/29/2021,12.88333333,12/29/2021,8:56:26,Wednesday,Week Day,Afternoon,3.946111111
12/29/2021 12:53,12/29/2021 12:53,12/29/2021,12.88333333,12/29/2021,12:53:12,Wednesday,Week Day,Afternoon,0.005
12/29/2021 12:53,12/29/2021 16:13,12/29/2021,16.21666667,12/29/2021,12:53:30,Wednesday,Week Day,Afternoon,3.331111111
12/29/2021 16:13,12/29/2021 19:06,12/29/2021,19.1,12/29/2021,16:13:22,Wednesday,Week Day,Evening,2.888888889
12/29/2021 19:06,12/29/2021 21:21,12/29/2021,21.35,12/29/2021,19:06:42,Wednesday,Week Day,Evening,2.246388889
12/29/2021 21:21,12/30/2021 10:22,12/30/2021,10.36666667,12/29/2021,21:21:29,Thursday,Week Day,Morning,13.00916667
12/30/2021 10:22,12/30/2021 10:22,12/30/2021,10.36666667,12/30/2021,10:22:02,Thursday,Week Day,Morning,0.008611111
12/30/2021 10:22,12/30/2021 12:11,12/30/2021,12.18333333,12/30/2021,10:22:34,Thursday,Week Day,Afternoon,1.817222222
12/30/2021 12:11,12/30/2021 17:12,12/30/2021,17.2,12/30/2021,12:11:36,Thursday,Week Day,Afternoon,5.022222222
12/30/2021 17:12,12/30/2021 22:15,12/30/2021,22.25,12/30/2021,17:12:56,Thursday,Week Day,Evening,5.045833333
12/30/2021 22:15,12/30/2021 22:16,12/30/2021,22.26666667,12/30/2021,22:15:41,Thursday,Week Day,Evening,0.010833333
12/30/2021 22:16,12/30/2021 23:56,12/30/2021,23.93333333,12/30/2021,22:16:21,Thursday,Week Day,Night,1.663611111
12/30/2021 23:56,12/31/2021 0:55,12/31/2021,0.916666667,12/30/2021,23:56:10,Friday,Week Day,Night,0.996944444
12/31/2021 0:55,12/31/2021 3:14,12/31/2021,3.233333333,12/31/2021,0:55:59,Friday,Week Day,Night,2.303888889
12/31/2021 3:14,12/31/2021 7:05,12/31/2021,7.083333333,12/31/2021,3:14:14,Friday,Week Day,Morning,3.849722222
12/31/2021 7:05,1/2/2022 2:24,1/2/2022,2.4,12/31/2021,7:05:13,Sunday,Weekend,Night,43.31416667
1/2/2022 2:24,1/2/2022 2:24,1/2/2022,2.4,1/2/2022,2:24:04,Sunday,Weekend,Night,0.014722222
1/2/2022 2:24,1/2/2022 6:12,1/2/2022,6.2,1/2/2022,2:24:57,Sunday,Weekend,Morning,3.798888889
1/2/2022 6:12,1/2/2022 13:20,1/2/2022,13.33333333,1/2/2022,6:12:54,Sunday,Weekend,Afternoon,7.122222222
1/2/2022 13:20,1/2/2022 15:51,1/2/2022,15.85,1/2/2022,13:20:14,Sunday,Weekend,Afternoon,2.515833333
1/2/2022 15:51,1/2/2022 21:02,1/2/2022,21.03333333,1/2/2022,15:51:11,Sunday,Weekend,Evening,5.192777778
1/2/2022 21:02,1/2/2022 23:07,1/2/2022,23.11666667,1/2/2022,21:02:46,Sunday,Weekend,Night,2.086388889
1/2/2022 23:07,1/3/2022 1:23,1/3/2022,1.383333333,1/2/2022,23:07:57,Monday,Week Day,Night,2.263888889
1/3/2022 1:23,1/3/2022 14:44,1/3/2022,14.73333333,1/3/2022,1:23:47,Monday,Week Day,Afternoon,13.34972222
1/3/2022 14:44,1/3/2022 22:59,1/3/2022,22.98333333,1/3/2022,14:44:46,Monday,Week Day,Evening,8.245
1/3/2022 22:59,1/4/2022 1:02,1/4/2022,1.033333333,1/3/2022,22:59:28,Tuesday,Week Day,Night,2.047777778
1/4/2022 1:02,1/4/2022 4:01,1/4/2022,4.016666667,1/4/2022,1:02:21,Tuesday,Week Day,Night,2.990277778
1/4/2022 4:01,1/4/2022 6:29,1/4/2022,6.483333333,1/4/2022,4:01:46,Tuesday,Week Day,Morning,2.462777778
1/4/2022 6:29,1/4/2022 8:59,1/4/2022,8.983333333,1/4/2022,6:29:32,Tuesday,Week Day,Morning,2.500277778
1/4/2022 8:59,1/4/2022 12:53,1/4/2022,12.88333333,1/4/2022,8:59:33,Tuesday,Week Day,Afternoon,3.905833333
1/4/2022 12:53,1/4/2022 15:27,1/4/2022,15.45,1/4/2022,12:53:54,Tuesday,Week Day,Afternoon,2.560833333
1/4/2022 15:27,1/5/2022 8:35,1/5/2022,8.583333333,1/4/2022,15:27:33,Wednesday,Week Day,Morning,17.13111111
1/5/2022 8:35,1/5/2022 9:27,1/5/2022,9.45,1/5/2022,8:35:25,Wednesday,Week Day,Morning,0.869166667
1/5/2022 9:27,1/5/2022 9:28,1/5/2022,9.466666667,1/5/2022,9:27:35,Wednesday,Week Day,Morning,0.01
1/5/2022 9:28,1/5/2022 12:03,1/5/2022,12.05,1/5/2022,9:28:11,Wednesday,Week Day,Afternoon,2.596388889
1/5/2022 12:03,1/5/2022 16:44,1/5/2022,16.73333333,1/5/2022,12:03:58,Wednesday,Week Day,Afternoon,4.668611111
1/5/2022 16:44,1/5/2022 21:45,1/5/2022,21.75,1/5/2022,16:44:05,Wednesday,Week Day,Evening,5.025833333
1/5/2022 21:45,1/6/2022 1:01,1/6/2022,1.016666667,1/5/2022,21:45:38,Thursday,Week Day,Night,3.264444444
1/6/2022 1:01,1/6/2022 5:00,1/6/2022,5,1/6/2022,1:01:30,Thursday,Week Day,Night,3.991388889
1/6/2022 5:00,1/6/2022 9:07,1/6/2022,9.116666667,1/6/2022,5:00:59,Thursday,Week Day,Morning,4.101111111
1/6/2022 9:07,1/6/2022 11:34,1/6/2022,11.56666667,1/6/2022,9:07:03,Thursday,Week Day,Night,2.4625
1/6/2022 11:34,1/6/2022 13:40,1/6/2022,13.66666667,1/6/2022,11:34:48,Thursday,Week Day,Afternoon,2.088055556
1/6/2022 13:40,1/6/2022 16:07,1/6/2022,16.11666667,1/6/2022,13:40:05,Thursday,Week Day,Afternoon,2.456666667
1/6/2022 16:07,1/6/2022 17:32,1/6/2022,17.53333333,1/6/2022,16:07:29,Thursday,Week Day,Afternoon,1.412777778
1/6/2022 17:32,1/6/2022 21:11,1/6/2022,21.18333333,1/6/2022,17:32:15,Thursday,Week Day,Evening,3.658611111
1/6/2022 21:11,1/7/2022 0:53,1/7/2022,0.883333333,1/6/2022,21:11:46,Friday,Week Day,Night,3.694444444
1/7/2022 0:53,1/7/2022 8:37,1/7/2022,8.616666667,1/7/2022,0:53:26,Friday,Week Day,Morning,7.736388889
1/7/2022 8:37,1/7/2022 12:39,1/7/2022,12.65,1/7/2022,8:37:37,Friday,Week Day,Afternoon,4.030833333
1/7/2022 12:39,1/7/2022 15:05,1/7/2022,15.08333333,1/7/2022,12:39:28,Friday,Week Day,Afternoon,2.425833333
1/7/2022 15:05,1/7/2022 22:26,1/7/2022,22.43333333,1/7/2022,15:05:01,Friday,Week Day,Evening,7.362222222
1/7/2022 22:26,1/8/2022 2:47,1/8/2022,2.783333333,1/7/2022,22:26:45,Saturday,Weekend,Night,4.343055556
1/8/2022 2:47,1/8/2022 4:45,1/8/2022,4.75,1/8/2022,2:47:20,Saturday,Weekend,Night,1.966944444
1/8/2022 4:45,1/8/2022 17:00,1/8/2022,17,1/8/2022,4:45:21,Saturday,Weekend,Afternoon,12.25027778
1/8/2022 17:00,1/9/2022 7:57,1/9/2022,7.95,1/8/2022,17:00:22,Sunday,Weekend,Morning,14.95666667
1/9/2022 7:57,1/9/2022 14:43,1/9/2022,14.71666667,1/9/2022,7:57:46,Sunday,Weekend,Afternoon,6.7625
1/9/2022 14:43,1/9/2022 20:44,1/9/2022,20.73333333,1/9/2022,14:43:31,Sunday,Weekend,Evening,6.010277778
1/9/2022 20:44,1/9/2022 21:56,1/9/2022,21.93333333,1/9/2022,20:44:08,Sunday,Weekend,Evening,1.211111111
1/9/2022 21:56,1/10/2022 0:16,1/10/2022,0.266666667,1/9/2022,21:56:48,Monday,Week Day,Night,2.321111111
1/10/2022 0:16,1/10/2022 9:11,1/10/2022,9.183333333,1/10/2022,0:16:04,Monday,Week Day,Morning,8.917777778
1/10/2022 9:11,1/10/2022 12:15,1/10/2022,12.25,1/10/2022,9:11:08,Monday,Week Day,Afternoon,3.073333333
1/10/2022 12:15,1/10/2022 14:55,1/10/2022,14.91666667,1/10/2022,12:15:32,Monday,Week Day,Afternoon,2.662222222
1/10/2022 14:55,1/10/2022 15:22,1/10/2022,15.36666667,1/10/2022,14:55:17,Monday,Week Day,Afternoon,0.446111111
1/10/2022 15:22,1/11/2022 8:13,1/11/2022,8.216666667,1/10/2022,15:22:03,Tuesday,Week Day,Morning,16.86305556
1/11/2022 8:13,1/11/2022 12:01,1/11/2022,12.01666667,1/11/2022,8:13:50,Tuesday,Week Day,Afternoon,3.795555556
1/11/2022 12:01,1/11/2022 13:54,1/11/2022,13.9,1/11/2022,12:01:34,Tuesday,Week Day,Afternoon,1.886111111
1/11/2022 13:54,1/11/2022 16:53,1/11/2022,16.88333333,1/11/2022,13:54:45,Tuesday,Week Day,Afternoon,2.974444444
1/11/2022 16:53,1/11/2022 18:50,1/11/2022,18.83333333,1/11/2022,16:53:14,Tuesday,Week Day,Night,1.951111111
1/11/2022 18:50,1/11/2022 22:58,1/11/2022,22.96666667,1/11/2022,18:50:18,Tuesday,Week Day,Evening,4.137777778
1/11/2022 22:58,1/12/2022 4:37,1/12/2022,4.616666667,1/11/2022,22:58:34,Wednesday,Week Day,Night,5.645
1/12/2022 4:37,1/12/2022 5:48,1/12/2022,5.8,1/12/2022,4:37:16,Wednesday,Week Day,Night,1.194722222
1/12/2022 5:48,1/12/2022 6:27,1/12/2022,6.45,1/12/2022,5:48:58,Wednesday,Week Day,Morning,0.648888889
1/12/2022 6:27,1/12/2022 6:29,1/12/2022,6.483333333,1/12/2022,6:27:54,Wednesday,Week Day,Morning,0.034166667
1/12/2022 6:29,1/12/2022 8:38,1/12/2022,8.633333333,1/12/2022,6:29:57,Wednesday,Week Day,Morning,2.1425
1/12/2022 8:38,1/12/2022 10:21,1/12/2022,10.35,1/12/2022,8:38:31,Wednesday,Week Day,Morning,1.708888889
1/12/2022 10:21,1/12/2022 16:12,1/12/2022,16.2,1/12/2022,10:21:03,Wednesday,Week Day,Afternoon,5.858611111
1/12/2022 16:12,1/12/2022 18:38,1/12/2022,18.63333333,1/12/2022,16:12:34,Wednesday,Week Day,Night,2.429166667
1/12/2022 18:38,1/12/2022 22:24,1/12/2022,22.4,1/12/2022,18:38:19,Wednesday,Week Day,Evening,3.771666667
1/12/2022 22:24,1/13/2022 8:22,1/13/2022,8.366666667,1/12/2022,22:24:37,Thursday,Week Day,Morning,9.965
1/13/2022 8:22,1/13/2022 12:43,1/13/2022,12.71666667,1/13/2022,8:22:32,Thursday,Week Day,Afternoon,4.352222222
1/13/2022 12:43,1/13/2022 15:17,1/13/2022,15.28333333,1/13/2022,12:43:40,Thursday,Week Day,Afternoon,2.566111111
1/13/2022 15:17,1/13/2022 18:10,1/13/2022,18.16666667,1/13/2022,15:17:38,Thursday,Week Day,Night,2.883333333
1/13/2022 18:10,1/13/2022 20:59,1/13/2022,20.98333333,1/13/2022,18:10:38,Thursday,Week Day,Evening,2.813333333
1/13/2022 20:59,1/14/2022 9:24,1/14/2022,9.4,1/13/2022,20:59:26,Friday,Week Day,Morning,12.42277778
1/14/2022 9:24,1/14/2022 11:29,1/14/2022,11.48333333,1/14/2022,9:24:49,Friday,Week Day,Night,2.085555556
1/14/2022 11:29,1/14/2022 14:52,1/14/2022,14.86666667,1/14/2022,11:29:57,Friday,Week Day,Afternoon,3.374166667
1/14/2022 14:52,1/14/2022 23:23,1/14/2022,23.38333333,1/14/2022,14:52:24,Friday,Week Day,Night,8.517777778
1/14/2022 23:23,1/15/2022 6:12,1/15/2022,6.2,1/14/2022,23:23:28,Saturday,Weekend,Morning,6.811666667
1/15/2022 6:12,1/15/2022 9:03,1/15/2022,9.05,1/15/2022,6:12:10,Saturday,Weekend,Morning,2.860277778
1/15/2022 9:03,1/15/2022 10:21,1/15/2022,10.35,1/15/2022,9:03:47,Saturday,Weekend,Morning,1.303055556
1/15/2022 10:21,1/15/2022 10:22,1/15/2022,10.36666667,1/15/2022,10:21:58,Saturday,Weekend,Morning,0.009722222
1/15/2022 10:22,1/15/2022 11:25,1/15/2022,11.41666667,1/15/2022,10:22:33,Saturday,Weekend,Night,1.054444444
1/15/2022 11:25,1/15/2022 15:17,1/15/2022,15.28333333,1/15/2022,11:25:49,Saturday,Weekend,Afternoon,3.860833333
1/15/2022 15:17,1/15/2022 21:18,1/15/2022,21.3,1/15/2022,15:17:28,Saturday,Weekend,Evening,6.015
1/15/2022 21:18,1/16/2022 8:30,1/16/2022,8.5,1/15/2022,21:18:23,Sunday,Weekend,Morning,11.2
1/16/2022 8:30,1/16/2022 11:10,1/16/2022,11.16666667,1/16/2022,8:30:24,Sunday,Weekend,Night,2.670555556
1/16/2022 11:10,1/16/2022 20:41,1/16/2022,20.68333333,1/16/2022,11:10:39,Sunday,Weekend,Evening,9.512222222
1/16/2022 20:41,1/17/2022 0:30,1/17/2022,0.5,1/16/2022,20:41:23,Monday,Week Day,Night,3.820833333
1/17/2022 0:30,1/17/2022 0:31,1/17/2022,0.516666667,1/17/2022,0:30:39,Monday,Week Day,Night,0.011666667
1/17/2022 0:31,1/17/2022 7:51,1/17/2022,7.85,1/17/2022,0:31:22,Monday,Week Day,Morning,7.339444444
1/17/2022 7:51,1/17/2022 14:19,1/17/2022,14.31666667,1/17/2022,7:51:44,Monday,Week Day,Afternoon,6.462777778
1/17/2022 14:19,1/17/2022 17:10,1/17/2022,17.16666667,1/17/2022,14:19:30,Monday,Week Day,Afternoon,2.844444444
1/17/2022 17:10,1/17/2022 19:58,1/17/2022,19.96666667,1/17/2022,17:10:10,Monday,Week Day,Evening,2.804444444
1/17/2022 19:58,1/18/2022 0:18,1/18/2022,0.3,1/17/2022,19:58:26,Tuesday,Week Day,Night,4.334444444
1/18/2022 0:18,1/18/2022 10:20,1/18/2022,10.33333333,1/18/2022,0:18:30,Tuesday,Week Day,Morning,10.03416667
1/18/2022 10:20,1/18/2022 14:58,1/18/2022,14.96666667,1/18/2022,10:20:33,Tuesday,Week Day,Afternoon,4.625
1/18/2022 14:58,1/18/2022 20:23,1/18/2022,20.38333333,1/18/2022,14:58:04,Tuesday,Week Day,Evening,5.420555556
1/18/2022 20:23,1/19/2022 0:11,1/19/2022,0.183333333,1/18/2022,20:23:18,Wednesday,Week Day,Night,3.809166667
1/19/2022 0:11,1/19/2022 0:12,1/19/2022,0.2,1/19/2022,0:11:51,Wednesday,Week Day,Night,0.006388889
1/19/2022 0:12,1/19/2022 0:12,1/19/2022,0.2,1/19/2022,0:12:15,Wednesday,Week Day,Night,0.008333333
1/19/2022 0:12,1/19/2022 3:55,1/19/2022,3.916666667,1/19/2022,0:12:45,Wednesday,Week Day,Night,3.704166667
1/19/2022 3:55,1/19/2022 8:20,1/19/2022,8.333333333,1/19/2022,3:55:00,Wednesday,Week Day,Morning,4.421388889
1/19/2022 8:20,1/19/2022 10:19,1/19/2022,10.31666667,1/19/2022,8:20:17,Wednesday,Week Day,Morning,1.993888889
1/19/2022 10:19,1/19/2022 12:37,1/19/2022,12.61666667,1/19/2022,10:19:55,Wednesday,Week Day,Afternoon,2.299166667
1/19/2022 12:37,1/19/2022 15:22,1/19/2022,15.36666667,1/19/2022,12:37:52,Wednesday,Week Day,Afternoon,2.748888889
1/19/2022 15:22,1/19/2022 20:48,1/19/2022,20.8,1/19/2022,15:22:48,Wednesday,Week Day,Evening,5.435833333
1/19/2022 20:48,1/19/2022 22:33,1/19/2022,22.55,1/19/2022,20:48:57,Wednesday,Week Day,Evening,1.738333333
1/19/2022 22:33,1/19/2022 22:33,1/19/2022,22.55,1/19/2022,22:33:15,Wednesday,Week Day,Evening,0.005555556
1/19/2022 22:33,1/19/2022 22:34,1/19/2022,22.56666667,1/19/2022,22:33:35,Wednesday,Week Day,Evening,0.011944444
1/19/2022 22:34,1/20/2022 8:36,1/20/2022,8.6,1/19/2022,22:34:18,Thursday,Week Day,Morning,10.03138889
1/20/2022 8:36,1/20/2022 8:39,1/20/2022,8.65,1/20/2022,8:36:11,Thursday,Week Day,Morning,0.053888889
1/20/2022 8:39,1/20/2022 11:45,1/20/2022,11.75,1/20/2022,8:39:25,Thursday,Week Day,Night,3.093888889
1/20/2022 11:45,1/20/2022 15:49,1/20/2022,15.81666667,1/20/2022,11:45:03,Thursday,Week Day,Afternoon,4.078888889
1/20/2022 15:49,1/20/2022 18:23,1/20/2022,18.38333333,1/20/2022,15:49:47,Thursday,Week Day,Night,2.553888889
1/20/2022 18:23,1/20/2022 19:57,1/20/2022,19.95,1/20/2022,18:23:01,Thursday,Week Day,Evening,1.573888889
1/20/2022 19:57,1/20/2022 20:00,1/20/2022,20,1/20/2022,19:57:27,Thursday,Week Day,Evening,0.043055556
1/20/2022 20:00,1/20/2022 22:44,1/20/2022,22.73333333,1/20/2022,20:00:02,Thursday,Week Day,Evening,2.748333333
1/20/2022 22:44,1/21/2022 4:45,1/21/2022,4.75,1/20/2022,22:44:56,Friday,Week Day,Night,6.010277778
1/21/2022 4:45,1/21/2022 9:42,1/21/2022,9.7,1/21/2022,4:45:34,Friday,Week Day,Morning,4.951111111
1/21/2022 9:42,1/21/2022 13:00,1/21/2022,13,1/21/2022,9:42:38,Friday,Week Day,Afternoon,3.305555556
1/21/2022 13:00,1/21/2022 21:25,1/21/2022,21.41666667,1/21/2022,13:00:58,Friday,Week Day,Evening,8.406111111
1/21/2022 21:25,1/22/2022 1:01,1/22/2022,1.016666667,1/21/2022,21:25:20,Saturday,Weekend,Night,3.608888889
1/22/2022 1:01,1/22/2022 9:42,1/22/2022,9.7,1/22/2022,1:01:52,Saturday,Weekend,Morning,8.678611111
1/22/2022 9:42,1/22/2022 13:29,1/22/2022,13.48333333,1/22/2022,9:42:35,Saturday,Weekend,Afternoon,3.779722222
1/22/2022 13:29,1/22/2022 13:30,1/22/2022,13.5,1/22/2022,13:29:22,Saturday,Weekend,Afternoon,0.011111111
1/22/2022 13:30,1/22/2022 15:20,1/22/2022,15.33333333,1/22/2022,13:30:03,Saturday,Weekend,Afternoon,1.842222222
1/22/2022 15:20,1/22/2022 18:16,1/22/2022,18.26666667,1/22/2022,15:20:35,Saturday,Weekend,Night,2.931666667
1/22/2022 18:16,1/23/2022 13:33,1/23/2022,13.55,1/22/2022,18:16:29,Sunday,Weekend,Afternoon,19.2775
1/23/2022 13:33,1/23/2022 16:18,1/23/2022,16.3,1/23/2022,13:33:08,Sunday,Weekend,Afternoon,2.763333333
1/23/2022 16:18,1/24/2022 6:08,1/24/2022,6.133333333,1/23/2022,16:18:56,Monday,Week Day,Morning,13.82444444
1/24/2022 6:08,1/24/2022 8:40,1/24/2022,8.666666667,1/24/2022,6:08:24,Monday,Week Day,Morning,2.533333333
1/24/2022 8:40,1/24/2022 11:36,1/24/2022,11.6,1/24/2022,8:40:24,Monday,Week Day,Night,2.926666667
1/24/2022 11:36,1/24/2022 14:13,1/24/2022,14.21666667,1/24/2022,11:36:00,Monday,Week Day,Afternoon,2.618333333
1/24/2022 14:13,1/24/2022 15:46,1/24/2022,15.76666667,1/24/2022,14:13:06,Monday,Week Day,Afternoon,1.558055556
1/24/2022 15:46,1/24/2022 21:01,1/24/2022,21.01666667,1/24/2022,15:46:35,Monday,Week Day,Evening,5.246111111
1/24/2022 21:01,1/24/2022 21:01,1/24/2022,21.01666667,1/24/2022,21:01:21,Monday,Week Day,Evening,0.006388889
1/24/2022 21:01,1/24/2022 21:02,1/24/2022,21.03333333,1/24/2022,21:01:45,Monday,Week Day,Evening,0.0075
1/24/2022 21:02,1/24/2022 21:24,1/24/2022,21.4,1/24/2022,21:02:13,Monday,Week Day,Evening,0.371666667
1/24/2022 21:24,1/25/2022 7:46,1/25/2022,7.766666667,1/24/2022,21:24:31,Tuesday,Week Day,Morning,10.37416667
1/25/2022 7:46,1/25/2022 8:46,1/25/2022,8.766666667,1/25/2022,7:46:58,Tuesday,Week Day,Morning,0.985
1/25/2022 8:46,1/25/2022 11:42,1/25/2022,11.7,1/25/2022,8:46:04,Tuesday,Week Day,Night,2.943055556
1/25/2022 11:42,1/25/2022 11:43,1/25/2022,11.71666667,1/25/2022,11:42:39,Tuesday,Week Day,Night,0.022222222
1/25/2022 11:43,1/25/2022 12:10,1/25/2022,12.16666667,1/25/2022,11:43:59,Tuesday,Week Day,Afternoon,0.446666667
1/25/2022 12:10,1/25/2022 14:40,1/25/2022,14.66666667,1/25/2022,12:10:47,Tuesday,Week Day,Afternoon,2.501388889
1/25/2022 14:40,1/25/2022 15:56,1/25/2022,15.93333333,1/25/2022,14:40:52,Tuesday,Week Day,Afternoon,1.2525
1/25/2022 15:56,1/25/2022 21:32,1/25/2022,21.53333333,1/25/2022,15:56:01,Tuesday,Week Day,Evening,5.606666667
1/25/2022 21:32,1/25/2022 21:32,1/25/2022,21.53333333,1/25/2022,21:32:25,Tuesday,Week Day,Evening,0.007222222
1/25/2022 21:32,1/26/2022 0:42,1/26/2022,0.7,1/25/2022,21:32:52,Wednesday,Week Day,Night,3.154444444
1/26/2022 0:42,1/26/2022 8:29,1/26/2022,8.483333333,1/26/2022,0:42:09,Wednesday,Week Day,Morning,7.788055556
1/26/2022 8:29,1/26/2022 14:44,1/26/2022,14.73333333,1/26/2022,8:29:27,Wednesday,Week Day,Afternoon,6.248333333
1/26/2022 14:44,1/26/2022 15:44,1/26/2022,15.73333333,1/26/2022,14:44:21,Wednesday,Week Day,Afternoon,1.002777778
1/26/2022 15:44,1/26/2022 15:45,1/26/2022,15.75,1/26/2022,15:44:31,Wednesday,Week Day,Afternoon,0.024166667
1/26/2022 15:45,1/26/2022 21:32,1/26/2022,21.53333333,1/26/2022,15:45:58,Wednesday,Week Day,Evening,5.781944444
1/26/2022 21:32,1/27/2022 0:11,1/27/2022,0.183333333,1/26/2022,21:32:53,Thursday,Week Day,Night,2.646388889
1/27/2022 0:11,1/27/2022 4:15,1/27/2022,4.25,1/27/2022,0:11:40,Thursday,Week Day,Night,4.068055556
1/27/2022 4:15,1/27/2022 4:23,1/27/2022,4.383333333,1/27/2022,4:15:45,Thursday,Week Day,Night,0.128611111
1/27/2022 4:23,1/27/2022 6:57,1/27/2022,6.95,1/27/2022,4:23:29,Thursday,Week Day,Morning,2.563611111
1/27/2022 6:57,1/27/2022 9:16,1/27/2022,9.266666667,1/27/2022,6:57:18,Thursday,Week Day,Morning,2.321388889
1/27/2022 9:16,1/27/2022 11:58,1/27/2022,11.96666667,1/27/2022,9:16:35,Thursday,Week Day,Night,2.698888889
1/27/2022 11:58,1/27/2022 14:19,1/27/2022,14.31666667,1/27/2022,11:58:31,Thursday,Week Day,Afternoon,2.353055556
1/27/2022 14:19,1/27/2022 16:03,1/27/2022,16.05,1/27/2022,14:19:42,Thursday,Week Day,Afternoon,1.727222222
1/27/2022 16:03,1/27/2022 20:59,1/27/2022,20.98333333,1/27/2022,16:03:20,Thursday,Week Day,Evening,4.942777778
1/27/2022 20:59,1/27/2022 22:31,1/27/2022,22.51666667,1/27/2022,20:59:54,Thursday,Week Day,Evening,1.5275
1/27/2022 22:31,1/28/2022 0:28,1/28/2022,0.466666667,1/27/2022,22:31:33,Friday,Week Day,Night,1.951111111
1/28/2022 0:28,1/28/2022 1:56,1/28/2022,1.933333333,1/28/2022,0:28:37,Friday,Week Day,Night,1.465
1/28/2022 1:56,1/28/2022 4:22,1/28/2022,4.366666667,1/28/2022,1:56:31,Friday,Week Day,Night,2.426388889
1/28/2022 4:22,1/28/2022 6:31,1/28/2022,6.516666667,1/28/2022,4:22:06,Friday,Week Day,Morning,2.161388889
1/28/2022 6:31,1/28/2022 8:41,1/28/2022,8.683333333,1/28/2022,6:31:47,Friday,Week Day,Morning,2.169444444
1/28/2022 8:41,1/28/2022 8:42,1/28/2022,8.7,1/28/2022,8:41:57,Friday,Week Day,Morning,0.008611111
1/28/2022 8:42,1/28/2022 9:12,1/28/2022,9.2,1/28/2022,8:42:28,Friday,Week Day,Morning,0.493888889
1/28/2022 9:12,1/28/2022 12:46,1/28/2022,12.76666667,1/28/2022,9:12:06,Friday,Week Day,Afternoon,3.571388889
1/28/2022 12:46,1/29/2022 7:58,1/29/2022,7.966666667,1/28/2022,12:46:23,Saturday,Weekend,Morning,19.21
1/29/2022 7:58,1/29/2022 13:41,1/29/2022,13.68333333,1/29/2022,7:58:59,Saturday,Weekend,Afternoon,5.714166667
1/29/2022 13:41,1/29/2022 15:55,1/29/2022,15.91666667,1/29/2022,13:41:50,Saturday,Weekend,Afternoon,2.221111111
1/29/2022 15:55,1/29/2022 21:45,1/29/2022,21.75,1/29/2022,15:55:06,Saturday,Weekend,Evening,5.840555556
1/29/2022 21:45,1/29/2022 21:46,1/29/2022,21.76666667,1/29/2022,21:45:32,Saturday,Weekend,Evening,0.008055556
1/29/2022 21:46,1/30/2022 0:52,1/30/2022,0.866666667,1/29/2022,21:46:01,Sunday,Weekend,Night,3.104166667
1/30/2022 0:52,1/30/2022 2:47,1/30/2022,2.783333333,1/30/2022,0:52:16,Sunday,Weekend,Night,1.922777778
1/30/2022 2:47,1/30/2022 7:59,1/30/2022,7.983333333,1/30/2022,2:47:38,Sunday,Weekend,Morning,5.196944444
1/30/2022 7:59,1/30/2022 10:50,1/30/2022,10.83333333,1/30/2022,7:59:27,Sunday,Weekend,Morning,2.851388889
1/30/2022 10:50,1/30/2022 11:56,1/30/2022,11.93333333,1/30/2022,10:50:32,Sunday,Weekend,Night,1.098611111
1/30/2022 11:56,1/30/2022 15:28,1/30/2022,15.46666667,1/30/2022,11:56:27,Sunday,Weekend,Afternoon,3.528055556
1/30/2022 15:28,1/30/2022 20:20,1/30/2022,20.33333333,1/30/2022,15:28:08,Sunday,Weekend,Evening,4.866388889
1/30/2022 20:20,1/31/2022 8:23,1/31/2022,8.383333333,1/30/2022,20:20:08,Monday,Week Day,Morning,12.04777778
1/31/2022 8:23,1/31/2022 12:41,1/31/2022,12.68333333,1/31/2022,8:23:00,Monday,Week Day,Afternoon,4.308333333
1/31/2022 12:41,1/31/2022 20:44,1/31/2022,20.73333333,1/31/2022,12:41:30,Monday,Week Day,Evening,8.050833333
1/31/2022 20:44,2/1/2022 0:19,2/1/2022,0.316666667,1/31/2022,20:44:33,Tuesday,Week Day,Night,3.576944444
2/1/2022 0:19,2/1/2022 3:57,2/1/2022,3.95,2/1/2022,0:19:11,Tuesday,Week Day,Night,3.630277778
2/1/2022 3:57,2/1/2022 8:10,2/1/2022,8.166666667,2/1/2022,3:57:00,Tuesday,Week Day,Morning,4.23
2/1/2022 8:10,2/1/2022 12:31,2/1/2022,12.51666667,2/1/2022,8:10:48,Tuesday,Week Day,Afternoon,4.343611111
2/1/2022 12:31,2/1/2022 16:32,2/1/2022,16.53333333,2/1/2022,12:31:25,Tuesday,Week Day,Afternoon,4.025833333
2/1/2022 16:32,2/1/2022 21:21,2/1/2022,21.35,2/1/2022,16:32:58,Tuesday,Week Day,Evening,4.810277778
2/1/2022 21:21,2/2/2022 9:08,2/2/2022,9.133333333,2/1/2022,21:21:35,Wednesday,Week Day,Morning,11.77416667
2/2/2022 9:08,2/2/2022 11:08,2/2/2022,11.13333333,2/2/2022,9:08:03,Wednesday,Week Day,Night,2.015277778
2/2/2022 11:08,2/2/2022 14:05,2/2/2022,14.08333333,2/2/2022,11:08:59,Wednesday,Week Day,Afternoon,2.945555556
2/2/2022 14:05,2/2/2022 16:26,2/2/2022,16.43333333,2/2/2022,14:05:43,Wednesday,Week Day,Afternoon,2.353611111
2/2/2022 16:26,2/2/2022 21:09,2/2/2022,21.15,2/2/2022,16:26:56,Wednesday,Week Day,Evening,4.703888889
2/2/2022 21:09,2/3/2022 4:19,2/3/2022,4.316666667,2/2/2022,21:09:10,Thursday,Week Day,Night,7.175
2/3/2022 4:19,2/3/2022 8:14,2/3/2022,8.233333333,2/3/2022,4:19:40,Thursday,Week Day,Morning,3.918055556
2/3/2022 8:14,2/3/2022 8:51,2/3/2022,8.85,2/3/2022,8:14:45,Thursday,Week Day,Morning,0.6075
2/3/2022 8:51,2/3/2022 16:15,2/3/2022,16.25,2/3/2022,8:51:12,Thursday,Week Day,Afternoon,7.408055556
2/3/2022 16:15,2/3/2022 20:08,2/3/2022,20.13333333,2/3/2022,16:15:41,Thursday,Week Day,Evening,3.884166667
2/3/2022 20:08,2/4/2022 4:00,2/4/2022,4,2/3/2022,20:08:44,Friday,Week Day,Night,7.8675
2/4/2022 4:00,2/4/2022 8:11,2/4/2022,8.183333333,2/4/2022,4:00:47,Friday,Week Day,Morning,4.183611111
2/4/2022 8:11,2/4/2022 13:42,2/4/2022,13.7,2/4/2022,8:11:49,Friday,Week Day,Afternoon,5.508611111
2/4/2022 13:42,2/4/2022 22:09,2/4/2022,22.15,2/4/2022,13:42:20,Friday,Week Day,Evening,8.458888889
2/4/2022 22:09,2/5/2022 0:05,2/5/2022,0.083333333,2/4/2022,22:09:52,Saturday,Weekend,Night,1.919166667
2/5/2022 0:05,2/5/2022 5:09,2/5/2022,5.15,2/5/2022,0:05:01,Saturday,Weekend,Night,5.069722222
2/5/2022 5:09,2/5/2022 15:41,2/5/2022,15.68333333,2/5/2022,5:09:12,Saturday,Weekend,Afternoon,10.53222222
2/5/2022 15:41,2/5/2022 18:33,2/5/2022,18.55,2/5/2022,15:41:08,Saturday,Weekend,Night,2.875555556
2/5/2022 18:33,2/5/2022 22:47,2/5/2022,22.78333333,2/5/2022,18:33:40,Saturday,Weekend,Evening,4.231388889
2/5/2022 22:47,2/6/2022 3:33,2/6/2022,3.55,2/5/2022,22:47:33,Sunday,Weekend,Night,4.766944444
2/6/2022 3:33,2/6/2022 8:07,2/6/2022,8.116666667,2/6/2022,3:33:34,Sunday,Weekend,Morning,4.560833333
2/6/2022 8:07,2/6/2022 18:15,2/6/2022,18.25,2/6/2022,8:07:13,Sunday,Weekend,Night,10.14166667
2/6/2022 18:15,2/6/2022 22:29,2/6/2022,22.48333333,2/6/2022,18:15:43,Sunday,Weekend,Evening,4.226666667
2/6/2022 22:29,2/6/2022 22:29,2/6/2022,22.48333333,2/6/2022,22:29:19,Sunday,Weekend,Evening,0.009166667
2/6/2022 22:29,2/7/2022 4:36,2/7/2022,4.6,2/6/2022,22:29:52,Monday,Week Day,Night,6.113055556
2/7/2022 4:36,2/7/2022 8:17,2/7/2022,8.283333333,2/7/2022,4:36:39,Monday,Week Day,Morning,3.683888889
2/7/2022 8:17,2/7/2022 11:24,2/7/2022,11.4,2/7/2022,8:17:41,Monday,Week Day,Night,3.112222222
2/7/2022 11:24,2/7/2022 13:29,2/7/2022,13.48333333,2/7/2022,11:24:25,Monday,Week Day,Afternoon,2.082777778
2/7/2022 13:29,2/7/2022 20:47,2/7/2022,20.78333333,2/7/2022,13:29:23,Monday,Week Day,Evening,7.296388889
2/7/2022 20:47,2/8/2022 8:13,2/8/2022,8.216666667,2/7/2022,20:47:10,Tuesday,Week Day,Morning,11.44583333
2/8/2022 8:13,2/8/2022 10:18,2/8/2022,10.3,2/8/2022,8:13:55,Tuesday,Week Day,Morning,2.075277778
2/8/2022 10:18,2/8/2022 13:30,2/8/2022,13.5,2/8/2022,10:18:26,Tuesday,Week Day,Afternoon,3.193611111
2/8/2022 13:30,2/8/2022 14:44,2/8/2022,14.73333333,2/8/2022,13:30:03,Tuesday,Week Day,Afternoon,1.2375
2/8/2022 14:44,2/8/2022 16:13,2/8/2022,16.21666667,2/8/2022,14:44:18,Tuesday,Week Day,Afternoon,1.486944444
2/8/2022 16:13,2/8/2022 19:59,2/8/2022,19.98333333,2/8/2022,16:13:31,Tuesday,Week Day,Evening,3.767777778
2/8/2022 19:59,2/8/2022 23:06,2/8/2022,23.1,2/8/2022,19:59:35,Tuesday,Week Day,Night,3.111111111
2/8/2022 23:06,2/9/2022 1:07,2/9/2022,1.116666667,2/8/2022,23:06:15,Wednesday,Week Day,Night,2.016666667
2/9/2022 1:07,2/9/2022 1:07,2/9/2022,1.116666667,2/9/2022,1:07:16,Wednesday,Week Day,Night,0.011388889
2/9/2022 1:07,2/9/2022 8:01,2/9/2022,8.016666667,2/9/2022,1:07:57,Wednesday,Week Day,Morning,6.886666667
2/9/2022 8:01,2/9/2022 8:16,2/9/2022,8.266666667,2/9/2022,8:01:09,Wednesday,Week Day,Morning,0.259166667
2/9/2022 8:16,2/9/2022 14:08,2/9/2022,14.13333333,2/9/2022,8:16:42,Wednesday,Week Day,Afternoon,5.862222222
2/9/2022 14:08,2/9/2022 15:55,2/9/2022,15.91666667,2/9/2022,14:08:27,Wednesday,Week Day,Afternoon,1.781944444
2/9/2022 15:55,2/9/2022 21:24,2/9/2022,21.4,2/9/2022,15:55:23,Wednesday,Week Day,Evening,5.478333333
2/9/2022 21:24,2/10/2022 0:15,2/10/2022,0.25,2/9/2022,21:24:06,Thursday,Week Day,Night,2.863888889
2/10/2022 0:15,2/10/2022 2:37,2/10/2022,2.616666667,2/10/2022,0:15:56,Thursday,Week Day,Night,2.365277778
2/10/2022 2:37,2/10/2022 4:17,2/10/2022,4.283333333,2/10/2022,2:37:51,Thursday,Week Day,Night,1.663888889
2/10/2022 4:17,2/10/2022 8:21,2/10/2022,8.35,2/10/2022,4:17:42,Thursday,Week Day,Morning,4.063055556
2/10/2022 8:21,2/10/2022 12:21,2/10/2022,12.35,2/10/2022,8:21:29,Thursday,Week Day,Afternoon,3.993055556
2/10/2022 12:21,2/10/2022 15:48,2/10/2022,15.8,2/10/2022,12:21:05,Thursday,Week Day,Afternoon,3.461944444
2/10/2022 15:48,2/10/2022 20:51,2/10/2022,20.85,2/10/2022,15:48:49,Thursday,Week Day,Evening,5.052777778
2/10/2022 20:52,2/10/2022 22:38,2/10/2022,22.63333333,2/10/2022,20:52:00,Thursday,Week Day,Evening,1.773333333
2/10/2022 22:38,2/11/2022 8:13,2/11/2022,8.216666667,2/10/2022,22:38:24,Friday,Week Day,Morning,9.588611111
2/11/2022 8:13,2/11/2022 11:25,2/11/2022,11.41666667,2/11/2022,8:13:43,Friday,Week Day,Night,3.2
2/11/2022 11:25,2/11/2022 14:52,2/11/2022,14.86666667,2/11/2022,11:25:43,Friday,Week Day,Afternoon,3.440277778
2/11/2022 14:52,2/11/2022 19:48,2/11/2022,19.8,2/11/2022,14:52:08,Friday,Week Day,Evening,4.947222222
2/11/2022 19:48,2/12/2022 2:08,2/12/2022,2.133333333,2/11/2022,19:48:58,Saturday,Weekend,Night,6.331666667
2/12/2022 2:08,2/12/2022 9:13,2/12/2022,9.216666667,2/12/2022,2:08:53,Saturday,Weekend,Morning,7.077777778
2/12/2022 9:13,2/12/2022 11:22,2/12/2022,11.36666667,2/12/2022,9:13:33,Saturday,Weekend,Night,2.15
2/12/2022 11:22,2/12/2022 15:49,2/12/2022,15.81666667,2/12/2022,11:22:33,Saturday,Weekend,Afternoon,4.448333333
2/12/2022 15:49,2/12/2022 21:48,2/12/2022,21.8,2/12/2022,15:49:27,Saturday,Weekend,Evening,5.988055556
2/12/2022 21:48,2/12/2022 23:10,2/12/2022,23.16666667,2/12/2022,21:48:44,Saturday,Weekend,Night,1.364444444
2/12/2022 23:10,2/13/2022 0:29,2/13/2022,0.483333333,2/12/2022,23:10:36,Sunday,Weekend,Night,1.318888889
2/13/2022 0:29,2/13/2022 9:40,2/13/2022,9.666666667,2/13/2022,0:29:44,Sunday,Weekend,Morning,9.175555556
2/13/2022 9:40,2/13/2022 19:53,2/13/2022,19.88333333,2/13/2022,9:40:16,Sunday,Weekend,Evening,10.22194444
2/13/2022 19:53,2/14/2022 9:02,2/14/2022,9.033333333,2/13/2022,19:53:35,Monday,Week Day,Morning,13.15638889
2/14/2022 9:02,2/14/2022 11:38,2/14/2022,11.63333333,2/14/2022,9:02:58,Monday,Week Day,Night,2.5975
2/14/2022 11:38,2/14/2022 14:23,2/14/2022,14.38333333,2/14/2022,11:38:49,Monday,Week Day,Afternoon,2.738888889
2/14/2022 14:23,2/14/2022 17:27,2/14/2022,17.45,2/14/2022,14:23:09,Monday,Week Day,Afternoon,3.074166667
2/14/2022 17:27,2/14/2022 22:49,2/14/2022,22.81666667,2/14/2022,17:27:36,Monday,Week Day,Evening,5.361111111
2/14/2022 22:49,2/15/2022 11:58,2/15/2022,11.96666667,2/14/2022,22:49:16,Tuesday,Week Day,Night,13.155
2/15/2022 11:58,2/15/2022 23:39,2/15/2022,23.65,2/15/2022,11:58:35,Tuesday,Week Day,Night,11.68666667
2/15/2022 23:39,2/16/2022 10:28,2/16/2022,10.46666667,2/15/2022,23:39:47,Wednesday,Week Day,Morning,10.81861111
2/16/2022 10:28,2/19/2022 16:40,2/19/2022,16.66666667,2/16/2022,10:28:54,Saturday,Weekend,Afternoon,78.19444444
2/19/2022 16:40,2/19/2022 22:12,2/19/2022,22.2,2/19/2022,16:40:34,Saturday,Weekend,Evening,5.533055556
2/19/2022 22:12,2/21/2022 2:21,2/21/2022,2.35,2/19/2022,22:12:33,Monday,Week Day,Night,28.15388889
2/21/2022 2:21,2/21/2022 6:41,2/21/2022,6.683333333,2/21/2022,2:21:47,Monday,Week Day,Morning,4.3225
2/21/2022 6:41,2/21/2022 9:45,2/21/2022,9.75,2/21/2022,6:41:08,Monday,Week Day,Morning,3.067222222
2/21/2022 9:45,2/21/2022 12:38,2/21/2022,12.63333333,2/21/2022,9:45:10,Monday,Week Day,Afternoon,2.8875
2/21/2022 12:38,2/21/2022 15:36,2/21/2022,15.6,2/21/2022,12:38:25,Monday,Week Day,Afternoon,2.96
2/21/2022 15:36,2/21/2022 21:05,2/21/2022,21.08333333,2/21/2022,15:36:01,Monday,Week Day,Evening,5.49
2/21/2022 21:05,2/21/2022 23:03,2/21/2022,23.05,2/21/2022,21:05:25,Monday,Week Day,Night,1.961111111
2/21/2022 23:03,2/22/2022 3:32,2/22/2022,3.533333333,2/21/2022,23:03:05,Tuesday,Week Day,Night,4.488611111
2/22/2022 3:32,2/22/2022 8:20,2/22/2022,8.333333333,2/22/2022,3:32:24,Tuesday,Week Day,Morning,4.808333333
2/22/2022 8:20,2/22/2022 11:54,2/22/2022,11.9,2/22/2022,8:20:54,Tuesday,Week Day,Night,3.564444444
2/22/2022 11:54,2/22/2022 14:11,2/22/2022,14.18333333,2/22/2022,11:54:46,Tuesday,Week Day,Afternoon,2.277777778
2/22/2022 14:11,2/22/2022 16:11,2/22/2022,16.18333333,2/22/2022,14:11:26,Tuesday,Week Day,Afternoon,2.0075
2/22/2022 16:11,2/22/2022 21:06,2/22/2022,21.1,2/22/2022,16:11:53,Tuesday,Week Day,Evening,4.915555556
2/22/2022 21:06,2/23/2022 8:23,2/23/2022,8.383333333,2/22/2022,21:06:49,Wednesday,Week Day,Morning,11.2775
2/23/2022 8:23,2/23/2022 11:42,2/23/2022,11.7,2/23/2022,8:23:29,Wednesday,Week Day,Night,3.3225
2/23/2022 11:42,2/23/2022 11:43,2/23/2022,11.71666667,2/23/2022,11:42:50,Wednesday,Week Day,Night,0.006388889
2/23/2022 11:43,2/23/2022 15:48,2/23/2022,15.8,2/23/2022,11:43:13,Wednesday,Week Day,Afternoon,4.086388889
2/23/2022 15:48,2/23/2022 16:02,2/23/2022,16.03333333,2/23/2022,15:48:24,Wednesday,Week Day,Afternoon,0.232777778
2/23/2022 16:02,2/23/2022 17:36,2/23/2022,17.6,2/23/2022,16:02:22,Wednesday,Week Day,Afternoon,1.571666667
2/23/2022 17:36,2/24/2022 8:09,2/24/2022,8.15,2/23/2022,17:36:40,Thursday,Week Day,Morning,14.54972222
2/24/2022 8:09,2/24/2022 9:31,2/24/2022,9.516666667,2/24/2022,8:09:39,Thursday,Week Day,Morning,1.359722222
2/24/2022 9:31,2/24/2022 9:36,2/24/2022,9.6,2/24/2022,9:31:14,Thursday,Week Day,Morning,0.079444444
2/24/2022 9:36,2/24/2022 10:35,2/24/2022,10.58333333,2/24/2022,9:36:00,Thursday,Week Day,Morning,0.999444444
2/24/2022 10:35,2/24/2022 12:34,2/24/2022,12.56666667,2/24/2022,10:35:59,Thursday,Week Day,Afternoon,1.977222222
2/24/2022 12:34,2/24/2022 14:05,2/24/2022,14.08333333,2/24/2022,12:34:37,Thursday,Week Day,Afternoon,1.520277778
2/24/2022 14:05,2/24/2022 16:06,2/24/2022,16.1,2/24/2022,14:05:50,Thursday,Week Day,Afternoon,2.018888889
2/24/2022 16:06,2/24/2022 20:25,2/24/2022,20.41666667,2/24/2022,16:06:58,Thursday,Week Day,Evening,4.307777778
2/24/2022 20:25,2/24/2022 23:12,2/24/2022,23.2,2/24/2022,20:25:26,Thursday,Week Day,Night,2.785555556
2/24/2022 23:12,2/25/2022 5:41,2/25/2022,5.683333333,2/24/2022,23:12:34,Friday,Week Day,Night,6.485555556
2/25/2022 5:41,2/25/2022 7:02,2/25/2022,7.033333333,2/25/2022,5:41:42,Friday,Week Day,Morning,1.341111111
2/25/2022 7:02,2/25/2022 12:12,2/25/2022,12.2,2/25/2022,7:02:10,Friday,Week Day,Afternoon,5.176111111
2/25/2022 12:12,2/25/2022 13:57,2/25/2022,13.95,2/25/2022,12:12:44,Friday,Week Day,Afternoon,1.748611111
2/25/2022 13:57,2/25/2022 15:34,2/25/2022,15.56666667,2/25/2022,13:57:39,Friday,Week Day,Afternoon,1.621111111
2/25/2022 15:34,2/26/2022 4:12,2/26/2022,4.2,2/25/2022,15:34:55,Saturday,Weekend,Night,12.62611111
2/26/2022 4:12,2/28/2022 6:33,2/28/2022,6.55,2/26/2022,4:12:29,Monday,Week Day,Morning,50.35111111
2/28/2022 6:33,2/28/2022 9:29,2/28/2022,9.483333333,2/28/2022,6:33:33,Monday,Week Day,Morning,2.932777778
2/28/2022 9:29,2/28/2022 12:14,2/28/2022,12.23333333,2/28/2022,9:29:31,Monday,Week Day,Afternoon,2.753055556
2/28/2022 12:14,2/28/2022 15:42,2/28/2022,15.7,2/28/2022,12:14:42,Monday,Week Day,Afternoon,3.471111111
2/28/2022 15:42,2/28/2022 15:43,2/28/2022,15.71666667,2/28/2022,15:42:58,Monday,Week Day,Afternoon,0.006111111
